{
    "optionSerialRandom" : "YES",
    "optionResetApps" : "YES",
    "SerialField" : "",
    "optionResetSys" : "YES",
    "optionRetentionApps" : "YES",
    "ListAppRetention" : [
    
    ],
    "optionRespring" : "NO",
    "optionSerial" : "NO",
    "optionSerialRandom" : "YES",
    "ListAppReset" : [
    
    ],
    "optionRetentionSystem" : "NO",
    "optionTatApp1Lan" : "NO",
    "optionTatPushNoti" : "YES",
    "optionRespring" : "YES",
    "optionXoaCache" : "NO",
    "optionFakeUDID" : "YES",
    "optionRetention" : "NO"
}